﻿<?xml version="1.0" encoding="utf-8"?>
<ImportExportXml xmlns:xsi="http://www.w3.org/2001/XMLSchema-instance">
  <Entities>
    <Entity>
      <Name LocalizedName="Connection Role" OriginalName="">ConnectionRole</Name>
      <RibbonDiffXml>
        <RibbonNotSupported />
      </RibbonDiffXml>
    </Entity>
  </Entities>
  <Roles />
  <Workflows />
  <FieldSecurityProfiles />
  <Templates />
  <ConnectionRoles>
    <ConnectionRoles>
      <ConnectionRole>
        <connectionroleid>{9e651d5f-217e-ec11-8d21-00224806e933}</connectionroleid>
        <name>Government Service</name>
        <category>1002</category>
        <IsCustomizable>1</IsCustomizable>
        <IntroducedVersion>1.0.0.13</IntroducedVersion>
        <ConnectionRoleObjectTypeCodes>
          <ConnectionRoleObjectTypeCode>
            <connectionroleobjecttypecodeid>{a2651d5f-217e-ec11-8d21-00224806e933}</connectionroleobjecttypecodeid>
            <associatedobjecttypecode>msgov_service</associatedobjecttypecode>
          </ConnectionRoleObjectTypeCode>
        </ConnectionRoleObjectTypeCodes>
      </ConnectionRole>
      <ConnectionRole>
        <connectionroleid>{7b9080da-227e-ec11-8d21-00224806e933}</connectionroleid>
        <name>Government Program</name>
        <category>919830000</category>
        <IsCustomizable>1</IsCustomizable>
        <IntroducedVersion>1.0.0.13</IntroducedVersion>
        <ConnectionRoleObjectTypeCodes>
          <ConnectionRoleObjectTypeCode>
            <connectionroleobjecttypecodeid>{7f9080da-227e-ec11-8d21-00224806e933}</connectionroleobjecttypecodeid>
            <associatedobjecttypecode>msgov_program</associatedobjecttypecode>
          </ConnectionRoleObjectTypeCode>
        </ConnectionRoleObjectTypeCodes>
      </ConnectionRole>
      <ConnectionRole>
        <connectionroleid>{6b3b0440-8f36-ec11-b6e5-00224808f575}</connectionroleid>
        <name>Program Director</name>
        <category>919830000</category>
        <IsCustomizable>1</IsCustomizable>
        <IntroducedVersion>1.0.0.0</IntroducedVersion>
        <ConnectionRoleObjectTypeCodes>
          <ConnectionRoleObjectTypeCode>
            <connectionroleobjecttypecodeid>{753b0440-8f36-ec11-b6e5-00224808f575}</connectionroleobjecttypecodeid>
            <associatedobjecttypecode>contact</associatedobjecttypecode>
          </ConnectionRoleObjectTypeCode>
          <ConnectionRoleObjectTypeCode>
            <connectionroleobjecttypecodeid>{9f3da01a-1f7e-ec11-8d21-00224806e933}</connectionroleobjecttypecodeid>
            <associatedobjecttypecode>systemuser</associatedobjecttypecode>
          </ConnectionRoleObjectTypeCode>
        </ConnectionRoleObjectTypeCodes>
      </ConnectionRole>
      <ConnectionRole>
        <connectionroleid>{7486059d-9036-ec11-b6e5-00224808f575}</connectionroleid>
        <name>Program Manager</name>
        <category>919830000</category>
        <IsCustomizable>1</IsCustomizable>
        <IntroducedVersion>1.0.0.0</IntroducedVersion>
        <ConnectionRoleObjectTypeCodes>
          <ConnectionRoleObjectTypeCode>
            <connectionroleobjecttypecodeid>{7986059d-9036-ec11-b6e5-00224808f575}</connectionroleobjecttypecodeid>
            <associatedobjecttypecode>contact</associatedobjecttypecode>
          </ConnectionRoleObjectTypeCode>
          <ConnectionRoleObjectTypeCode>
            <connectionroleobjecttypecodeid>{d7ac5b14-1f7e-ec11-8d21-00224806e933}</connectionroleobjecttypecodeid>
            <associatedobjecttypecode>systemuser</associatedobjecttypecode>
          </ConnectionRoleObjectTypeCode>
        </ConnectionRoleObjectTypeCodes>
      </ConnectionRole>
      <ConnectionRole>
        <connectionroleid>{1eef0aaf-9036-ec11-b6e5-00224808f575}</connectionroleid>
        <name>Program Coordinator</name>
        <category>919830000</category>
        <description>Program Coordinator</description>
        <IsCustomizable>1</IsCustomizable>
        <IntroducedVersion>1.0.0.0</IntroducedVersion>
        <ConnectionRoleObjectTypeCodes>
          <ConnectionRoleObjectTypeCode>
            <connectionroleobjecttypecodeid>{29ef0aaf-9036-ec11-b6e5-00224808f575}</connectionroleobjecttypecodeid>
            <associatedobjecttypecode>contact</associatedobjecttypecode>
          </ConnectionRoleObjectTypeCode>
          <ConnectionRoleObjectTypeCode>
            <connectionroleobjecttypecodeid>{9a30e720-1f7e-ec11-8d21-00224806e933}</connectionroleobjecttypecodeid>
            <associatedobjecttypecode>systemuser</associatedobjecttypecode>
          </ConnectionRoleObjectTypeCode>
        </ConnectionRoleObjectTypeCodes>
      </ConnectionRole>
      <ConnectionRole>
        <connectionroleid>{06875d45-4237-ec11-b6e5-0022480a7f75}</connectionroleid>
        <name>Service Manager</name>
        <category>1002</category>
        <IsCustomizable>1</IsCustomizable>
        <IntroducedVersion>1.0.0.0</IntroducedVersion>
        <ConnectionRoleObjectTypeCodes>
          <ConnectionRoleObjectTypeCode>
            <connectionroleobjecttypecodeid>{0a875d45-4237-ec11-b6e5-0022480a7f75}</connectionroleobjecttypecodeid>
            <associatedobjecttypecode>contact</associatedobjecttypecode>
          </ConnectionRoleObjectTypeCode>
          <ConnectionRoleObjectTypeCode>
            <connectionroleobjecttypecodeid>{74e0f601-1f7e-ec11-8d21-00224806e933}</connectionroleobjecttypecodeid>
            <associatedobjecttypecode>systemuser</associatedobjecttypecode>
          </ConnectionRoleObjectTypeCode>
        </ConnectionRoleObjectTypeCodes>
      </ConnectionRole>
      <ConnectionRole>
        <connectionroleid>{78e7b758-4237-ec11-b6e5-0022480a7f75}</connectionroleid>
        <name>Service Deputy</name>
        <category>1002</category>
        <IsCustomizable>1</IsCustomizable>
        <IntroducedVersion>1.0.0.0</IntroducedVersion>
        <ConnectionRoleObjectTypeCodes>
          <ConnectionRoleObjectTypeCode>
            <connectionroleobjecttypecodeid>{7de7b758-4237-ec11-b6e5-0022480a7f75}</connectionroleobjecttypecodeid>
            <associatedobjecttypecode>contact</associatedobjecttypecode>
          </ConnectionRoleObjectTypeCode>
          <ConnectionRoleObjectTypeCode>
            <connectionroleobjecttypecodeid>{8e1daef5-1e7e-ec11-8d21-00224806e933}</connectionroleobjecttypecodeid>
            <associatedobjecttypecode>systemuser</associatedobjecttypecode>
          </ConnectionRoleObjectTypeCode>
        </ConnectionRoleObjectTypeCodes>
      </ConnectionRole>
      <ConnectionRole>
        <connectionroleid>{358dd15e-4237-ec11-b6e5-0022480a7f75}</connectionroleid>
        <name>Service Agent</name>
        <category>1002</category>
        <IsCustomizable>1</IsCustomizable>
        <IntroducedVersion>1.0.0.0</IntroducedVersion>
        <ConnectionRoleObjectTypeCodes>
          <ConnectionRoleObjectTypeCode>
            <connectionroleobjecttypecodeid>{3a8dd15e-4237-ec11-b6e5-0022480a7f75}</connectionroleobjecttypecodeid>
            <associatedobjecttypecode>contact</associatedobjecttypecode>
          </ConnectionRoleObjectTypeCode>
          <ConnectionRoleObjectTypeCode>
            <connectionroleobjecttypecodeid>{730803ef-1e7e-ec11-8d21-00224806e933}</connectionroleobjecttypecodeid>
            <associatedobjecttypecode>systemuser</associatedobjecttypecode>
          </ConnectionRoleObjectTypeCode>
        </ConnectionRoleObjectTypeCodes>
      </ConnectionRole>
    </ConnectionRoles>
    <ConnectionRoleAssociations>
      <ConnectionRoleAssociation>
        <connectionroleid>{9e651d5f-217e-ec11-8d21-00224806e933}</connectionroleid>
        <associatedconnectionroleid>{06875d45-4237-ec11-b6e5-0022480a7f75}</associatedconnectionroleid>
      </ConnectionRoleAssociation>
      <ConnectionRoleAssociation>
        <connectionroleid>{9e651d5f-217e-ec11-8d21-00224806e933}</connectionroleid>
        <associatedconnectionroleid>{78e7b758-4237-ec11-b6e5-0022480a7f75}</associatedconnectionroleid>
      </ConnectionRoleAssociation>
      <ConnectionRoleAssociation>
        <connectionroleid>{9e651d5f-217e-ec11-8d21-00224806e933}</connectionroleid>
        <associatedconnectionroleid>{358dd15e-4237-ec11-b6e5-0022480a7f75}</associatedconnectionroleid>
      </ConnectionRoleAssociation>
      <ConnectionRoleAssociation>
        <connectionroleid>{7b9080da-227e-ec11-8d21-00224806e933}</connectionroleid>
        <associatedconnectionroleid>{6b3b0440-8f36-ec11-b6e5-00224808f575}</associatedconnectionroleid>
      </ConnectionRoleAssociation>
      <ConnectionRoleAssociation>
        <connectionroleid>{7b9080da-227e-ec11-8d21-00224806e933}</connectionroleid>
        <associatedconnectionroleid>{7486059d-9036-ec11-b6e5-00224808f575}</associatedconnectionroleid>
      </ConnectionRoleAssociation>
      <ConnectionRoleAssociation>
        <connectionroleid>{7b9080da-227e-ec11-8d21-00224806e933}</connectionroleid>
        <associatedconnectionroleid>{1eef0aaf-9036-ec11-b6e5-00224808f575}</associatedconnectionroleid>
      </ConnectionRoleAssociation>
    </ConnectionRoleAssociations>
  </ConnectionRoles>
  <EntityMaps />
  <EntityRelationships />
  <OrganizationSettings />
  <optionsets>
    <optionset Name="connectionrole_category" localizedName="Category" description="Categories for connection roles.">
      <OptionSetType>picklist</OptionSetType>
      <IsGlobal>1</IsGlobal>
      <IntroducedVersion>5.0.0.0</IntroducedVersion>
      <ExternalTypeName></ExternalTypeName>
      <displaynames>
        <displayname description="Category" languagecode="1033" />
      </displaynames>
      <Descriptions>
        <Description description="Categories for connection roles." languagecode="1033" />
      </Descriptions>
      <options>
        <option value="1" ExternalValue="" Color="">
          <labels>
            <label description="Business" languagecode="1033" />
          </labels>
          <Descriptions>
            <Description description="" languagecode="1033" />
          </Descriptions>
        </option>
        <option value="2" ExternalValue="" Color="">
          <labels>
            <label description="Family" languagecode="1033" />
          </labels>
          <Descriptions>
            <Description description="" languagecode="1033" />
          </Descriptions>
        </option>
        <option value="3" ExternalValue="" Color="">
          <labels>
            <label description="Social" languagecode="1033" />
          </labels>
          <Descriptions>
            <Description description="" languagecode="1033" />
          </Descriptions>
        </option>
        <option value="919830000" ExternalValue="" Color="#0000ff">
          <labels>
            <label description="Government Programs" languagecode="1033" />
          </labels>
          <Descriptions>
            <Description description="" languagecode="1033" />
          </Descriptions>
        </option>
        <option value="4" ExternalValue="" Color="">
          <labels>
            <label description="Sales" languagecode="1033" />
          </labels>
          <Descriptions>
            <Description description="" languagecode="1033" />
          </Descriptions>
        </option>
        <option value="5" ExternalValue="" Color="">
          <labels>
            <label description="Other" languagecode="1033" />
          </labels>
          <Descriptions>
            <Description description="" languagecode="1033" />
          </Descriptions>
        </option>
        <option value="1000" ExternalValue="" Color="">
          <labels>
            <label description="Stakeholder" languagecode="1033" />
          </labels>
          <Descriptions>
            <Description description="" languagecode="1033" />
          </Descriptions>
        </option>
        <option value="1001" ExternalValue="" Color="">
          <labels>
            <label description="Sales Team" languagecode="1033" />
          </labels>
          <Descriptions>
            <Description description="" languagecode="1033" />
          </Descriptions>
        </option>
        <option value="1002" ExternalValue="" Color="">
          <labels>
            <label description="Government Services" languagecode="1033" />
          </labels>
          <Descriptions>
            <Description description="" languagecode="1033" />
          </Descriptions>
        </option>
      </options>
    </optionset>
  </optionsets>
  <CustomControls />
  <EntityDataProviders />
  <Languages>
    <Language>1033</Language>
  </Languages>
</ImportExportXml>